{"schemaVersion":"1.0","appDefinitionTemplate":{"id":"/providers/Microsoft.PowerApps/apps/","type":"Microsoft.PowerApps/apps","tags":{"minimumRequiredApiVersion":"2.2.0"},"properties":{"appVersion":"2019-12-13T22:39:21Z","lifeCycleId":"Published","createdByClientVersion":{"major":3,"minor":19113,"build":26,"revision":0,"majorRevision":0,"minorRevision":0},"minClientVersion":{"major":3,"minor":19113,"build":26,"revision":0,"majorRevision":0,"minorRevision":0},"backgroundColor":"rgba(0, 176, 240, 1)","backgroundImageUri":"/15026213310086116889/Nf5cf58ad-ee99-4839-8ef9-4523c04a51d2-logoSmallFile","displayName":"Power App Control Examples","description":"","commitMessage":"","appUris":{"documentUri":{"value":"/15026213310086116889/Nec665750-a045-4041-a1c5-e8a9b185fd67-document.msapp","readonlyValue":"/15026213310086116889/Nec665750-a045-4041-a1c5-e8a9b185fd67-document.msapp"},"imageUris":[]},"createdTime":"0001-01-01T00:00:00Z","lastModifiedTime":"0001-01-01T00:00:00Z","sharedGroupsCount":0,"sharedUsersCount":0,"icons":{"smallIconUri":"/15026213310086116889/N98d27884-a5b9-4dea-b1f5-ab7b77463cd1-small.png","mediumIconUri":"/15026213310086116889/N9ab7a8ec-99b0-446f-8996-5cdb5f436b6d-medium.png","largeIconUri":"/15026213310086116889/N6ed57e98-18ce-4d7f-9e37-ff20ab0c5b13-large.png","wideIconUri":"/15026213310086116889/N5de28061-ab5b-463f-87a1-b3a55fdbc8b6-wide.png"},"connectionReferences":{"32e72410-1b7a-44b1-8500-911f1d3683e7":{"id":"be87028c-8f0b-4996-84c8-ee505c4696b5","displayName":"Office 365 Users","iconUri":"https://connectoricons-prod.azureedge.net/office365users/icon_1.0.1258.1715.png","dataSources":["Office365Users"],"dependencies":[],"dependents":[],"parameterHints":{},"isOnPremiseConnection":false,"dataSets":{},"apiTier":"Standard","isCustomApiConnection":false}},"databaseReferences":{},"almMode":"Environment","performanceOptimizationEnabled":false,"canConsumeAppPass":true},"isAppComponentLibrary":false,"appComponents":[]}}